-- MySQL dump 10.13  Distrib 8.0.32, for Win64 (x86_64)
--
-- Host: localhost    Database: whatabook
-- ------------------------------------------------------
-- Server version	8.0.32

/*!40101 SET @OLD_CHARACTER_SET_CLIENT=@@CHARACTER_SET_CLIENT */;
/*!40101 SET @OLD_CHARACTER_SET_RESULTS=@@CHARACTER_SET_RESULTS */;
/*!40101 SET @OLD_COLLATION_CONNECTION=@@COLLATION_CONNECTION */;
/*!50503 SET NAMES utf8 */;
/*!40103 SET @OLD_TIME_ZONE=@@TIME_ZONE */;
/*!40103 SET TIME_ZONE='+00:00' */;
/*!40014 SET @OLD_UNIQUE_CHECKS=@@UNIQUE_CHECKS, UNIQUE_CHECKS=0 */;
/*!40014 SET @OLD_FOREIGN_KEY_CHECKS=@@FOREIGN_KEY_CHECKS, FOREIGN_KEY_CHECKS=0 */;
/*!40101 SET @OLD_SQL_MODE=@@SQL_MODE, SQL_MODE='NO_AUTO_VALUE_ON_ZERO' */;
/*!40111 SET @OLD_SQL_NOTES=@@SQL_NOTES, SQL_NOTES=0 */;

--
-- Table structure for table `book`
--

DROP TABLE IF EXISTS `book`;
/*!40101 SET @saved_cs_client     = @@character_set_client */;
/*!50503 SET character_set_client = utf8mb4 */;
CREATE TABLE `book` (
  `book_id` int NOT NULL AUTO_INCREMENT,
  `book_name` varchar(200) NOT NULL,
  `details` varchar(500) DEFAULT NULL,
  `author` varchar(200) NOT NULL,
  PRIMARY KEY (`book_id`)
) ENGINE=InnoDB AUTO_INCREMENT=10 DEFAULT CHARSET=utf8mb4 COLLATE=utf8mb4_0900_ai_ci;
/*!40101 SET character_set_client = @saved_cs_client */;

--
-- Dumping data for table `book`
--

LOCK TABLES `book` WRITE;
/*!40000 ALTER TABLE `book` DISABLE KEYS */;
INSERT INTO `book` VALUES (1,'To Kill a Mockingbird','Harper Lee','Classic'),(2,'1984','George Orwell','Science Fiction'),(3,'The Great Gatsby','F. Scott Fitzgerald','Classic'),(4,'The Catcher in the Rye','J.D. Salinger','Coming of age'),(5,'The Lord of the Rings','J.R.R. Tolkien','Fantasy'),(6,'Pride and Prejudice','Jane Austen','Romance'),(7,'Animal Farm','George Orwell','Political'),(8,'Brave New World','Aldous Huxley','Science Fiction'),(9,'The Hobbit','J.R.R. Tolkien','Fantasy');
/*!40000 ALTER TABLE `book` ENABLE KEYS */;
UNLOCK TABLES;

--
-- Table structure for table `store`
--

DROP TABLE IF EXISTS `store`;
/*!40101 SET @saved_cs_client     = @@character_set_client */;
/*!50503 SET character_set_client = utf8mb4 */;
CREATE TABLE `store` (
  `store_id` int NOT NULL,
  `locale` varchar(500) NOT NULL,
  PRIMARY KEY (`store_id`)
) ENGINE=InnoDB DEFAULT CHARSET=utf8mb4 COLLATE=utf8mb4_0900_ai_ci;
/*!40101 SET character_set_client = @saved_cs_client */;

--
-- Dumping data for table `store`
--

LOCK TABLES `store` WRITE;
/*!40000 ALTER TABLE `store` DISABLE KEYS */;
INSERT INTO `store` VALUES (1,'123 Main St, Anytown, USA');
/*!40000 ALTER TABLE `store` ENABLE KEYS */;
UNLOCK TABLES;

--
-- Table structure for table `user`
--

DROP TABLE IF EXISTS `user`;
/*!40101 SET @saved_cs_client     = @@character_set_client */;
/*!50503 SET character_set_client = utf8mb4 */;
CREATE TABLE `user` (
  `user_id` int NOT NULL AUTO_INCREMENT,
  `first_name` varchar(75) NOT NULL,
  `last_name` varchar(75) NOT NULL,
  PRIMARY KEY (`user_id`)
) ENGINE=InnoDB AUTO_INCREMENT=4 DEFAULT CHARSET=utf8mb4 COLLATE=utf8mb4_0900_ai_ci;
/*!40101 SET character_set_client = @saved_cs_client */;

--
-- Dumping data for table `user`
--

LOCK TABLES `user` WRITE;
/*!40000 ALTER TABLE `user` DISABLE KEYS */;
INSERT INTO `user` VALUES (1,'Jon','Malone'),(2,'Jane','Fonda'),(3,'Bob','Orlando');
/*!40000 ALTER TABLE `user` ENABLE KEYS */;
UNLOCK TABLES;

--
-- Table structure for table `wishlist`
--

DROP TABLE IF EXISTS `wishlist`;
/*!40101 SET @saved_cs_client     = @@character_set_client */;
/*!50503 SET character_set_client = utf8mb4 */;
CREATE TABLE `wishlist` (
  `wishlist_id` int NOT NULL AUTO_INCREMENT,
  `user_id` int NOT NULL,
  `book_id` int NOT NULL,
  PRIMARY KEY (`wishlist_id`),
  KEY `user_id` (`user_id`),
  KEY `book_id` (`book_id`),
  CONSTRAINT `wishlist_ibfk_1` FOREIGN KEY (`user_id`) REFERENCES `user` (`user_id`),
  CONSTRAINT `wishlist_ibfk_2` FOREIGN KEY (`book_id`) REFERENCES `book` (`book_id`)
) ENGINE=InnoDB AUTO_INCREMENT=7 DEFAULT CHARSET=utf8mb4 COLLATE=utf8mb4_0900_ai_ci;
/*!40101 SET character_set_client = @saved_cs_client */;

--
-- Dumping data for table `wishlist`
--

LOCK TABLES `wishlist` WRITE;
/*!40000 ALTER TABLE `wishlist` DISABLE KEYS */;
INSERT INTO `wishlist` VALUES (1,1,1),(2,2,2),(3,3,3),(4,1,9),(5,2,7),(6,3,3);
/*!40000 ALTER TABLE `wishlist` ENABLE KEYS */;
UNLOCK TABLES;
/*!40103 SET TIME_ZONE=@OLD_TIME_ZONE */;

/*!40101 SET SQL_MODE=@OLD_SQL_MODE */;
/*!40014 SET FOREIGN_KEY_CHECKS=@OLD_FOREIGN_KEY_CHECKS */;
/*!40014 SET UNIQUE_CHECKS=@OLD_UNIQUE_CHECKS */;
/*!40101 SET CHARACTER_SET_CLIENT=@OLD_CHARACTER_SET_CLIENT */;
/*!40101 SET CHARACTER_SET_RESULTS=@OLD_CHARACTER_SET_RESULTS */;
/*!40101 SET COLLATION_CONNECTION=@OLD_COLLATION_CONNECTION */;
/*!40111 SET SQL_NOTES=@OLD_SQL_NOTES */;

-- Dump completed on 2023-03-04 15:54:59
